"Project name","dynamic form builder"
"Date range","06/18/2026 12:00 AM - 06/20/2026 11:59 PM"


"Total sessions","46"

"Date","Time","Session duration","Entry URL","Exit URL","Referrer:","Clarity user ID","Browser","Device","OS","Country","Page count","Session clicks","Favorite","Recording link"
"06/19/2026","11:39 PM","12:48","https://dynamicformbuilder.com/","https://dynamicformbuilder.com/docs/field-types/select","https://www.bing.com/","tmrc1h","Edge","PC","Windows","United States","7","5","FALSE","https://clarity.microsoft.com/player/wh31dk21nj/tmrc1h/1kdaek2/?ss=1781891666000&sd=768"
"06/18/2026","01:36 AM","00:32","https://dynamicformbuilder.com/","https://dynamicformbuilder.com/","","12gbeok","Chrome","PC","Linux","United States","1","1","FALSE","https://clarity.microsoft.com/player/wh31dk21nj/12gbeok/i54wb4/?ss=1781725911000&sd=32"
"06/18/2026","01:37 AM","00:32","https://dynamicformbuilder.com/","https://dynamicformbuilder.com/","","13bfyjt","Chrome","PC","Linux","United States","1","1","FALSE","https://clarity.microsoft.com/player/wh31dk21nj/13bfyjt/c4xm5d/?ss=1781725953000&sd=32"
"06/19/2026","03:43 PM","00:05","https://dynamicformbuilder.com/docs/getting-started/quick-start","https://dynamicformbuilder.com/docs/getting-started/quick-start","","1q9hol6","Chrome","PC","MacOS","China","1","0","FALSE","https://clarity.microsoft.com/player/wh31dk21nj/1q9hol6/k5vb52/?ss=1781863107000&sd=5"
"06/19/2026","06:02 AM","00:01","https://dynamicformbuilder.com/","https://dynamicformbuilder.com/","","1wis3pe","Chrome","PC","Windows","China","1","0","FALSE","https://clarity.microsoft.com/player/wh31dk21nj/1wis3pe/1707v1t/?ss=1781828262000&sd=1"
"06/18/2026","02:45 AM","00:01","https://dynamicformbuilder.com/","https://dynamicformbuilder.com/","","f2q7rn","Chrome","PC","Windows","China","1","0","FALSE","https://clarity.microsoft.com/player/wh31dk21nj/f2q7rn/1xpuvsj/?ss=1781730008000&sd=1"
"06/19/2026","09:09 AM","00:01","https://dynamicformbuilder.com/","https://dynamicformbuilder.com/","","g7fqfa","Chrome","PC","Windows","China","1","0","FALSE","https://clarity.microsoft.com/player/wh31dk21nj/g7fqfa/n04oxf/?ss=1781839451000&sd=1"
"06/18/2026","01:22 PM","00:01","https://dynamicformbuilder.com/","https://dynamicformbuilder.com/","","swltjy","Chrome","PC","Windows","China","1","0","FALSE","https://clarity.microsoft.com/player/wh31dk21nj/swltjy/1q9fwui/?ss=1781768258000&sd=1"
"06/19/2026","06:55 AM","00:01","https://dynamicformbuilder.com/","https://dynamicformbuilder.com/","","13uxag6","Chrome","PC","Windows","China","1","0","FALSE","https://clarity.microsoft.com/player/wh31dk21nj/13uxag6/eq9jrw/?ss=1781831404000&sd=1"
"06/20/2026","01:38 AM","00:01","https://dynamicformbuilder.com/","https://dynamicformbuilder.com/","","sbbh5w","Chrome","PC","Windows","China","1","0","FALSE","https://clarity.microsoft.com/player/wh31dk21nj/sbbh5w/q1ff47/?ss=1781898826000&sd=1"
"06/19/2026","12:48 AM","00:01","https://dynamicformbuilder.com/","https://dynamicformbuilder.com/","","16n2qo1","Chrome","PC","Windows","China","1","0","FALSE","https://clarity.microsoft.com/player/wh31dk21nj/16n2qo1/h6z5s/?ss=1781809398000&sd=1"
"06/18/2026","12:07 PM","00:01","https://dynamicformbuilder.com/","https://dynamicformbuilder.com/","","xjowoh","Chrome","PC","Windows","China","1","0","FALSE","https://clarity.microsoft.com/player/wh31dk21nj/xjowoh/fj0b30/?ss=1781763744000&sd=1"
"06/19/2026","09:51 PM","00:01","https://dynamicformbuilder.com/","https://dynamicformbuilder.com/","","1h9vbxl","Chrome","PC","Windows","China","1","0","FALSE","https://clarity.microsoft.com/player/wh31dk21nj/1h9vbxl/18j2a19/?ss=1781885217000&sd=1"
"06/18/2026","03:08 PM","00:01","https://dynamicformbuilder.com/","https://dynamicformbuilder.com/","","1ar9fvv","Chrome","PC","Windows","China","1","0","FALSE","https://clarity.microsoft.com/player/wh31dk21nj/1ar9fvv/1w6fc12/?ss=1781774616000&sd=1"
"06/18/2026","05:51 AM","00:01","https://dynamicformbuilder.com/","https://dynamicformbuilder.com/","","jx14bk","Chrome","PC","Windows","China","1","0","FALSE","https://clarity.microsoft.com/player/wh31dk21nj/jx14bk/q0cp0j/?ss=1781741184000&sd=1"
"06/20/2026","02:53 AM","00:01","https://dynamicformbuilder.com/","https://dynamicformbuilder.com/","","15v1uoj","Chrome","PC","Windows","China","1","0","FALSE","https://clarity.microsoft.com/player/wh31dk21nj/15v1uoj/4pobrh/?ss=1781903326000&sd=1"
"06/18/2026","05:34 PM","00:01","https://dynamicformbuilder.com/","https://dynamicformbuilder.com/","","6v09rt","Chrome","PC","Windows","China","1","0","FALSE","https://clarity.microsoft.com/player/wh31dk21nj/6v09rt/1p1q9ep/?ss=1781783340000&sd=1"
"06/18/2026","12:55 AM","00:01","https://dynamicformbuilder.com/","https://dynamicformbuilder.com/","","o6rpzk","Chrome","PC","Windows","China","1","0","FALSE","https://clarity.microsoft.com/player/wh31dk21nj/o6rpzk/irdewt/?ss=1781723439000&sd=1"
"06/18/2026","06:45 PM","00:01","https://dynamicformbuilder.com/","https://dynamicformbuilder.com/","","z5ol19","Chrome","PC","Windows","China","1","0","FALSE","https://clarity.microsoft.com/player/wh31dk21nj/z5ol19/mqxguw/?ss=1781787626000&sd=1"
"06/18/2026","01:58 AM","00:01","https://dynamicformbuilder.com/","https://dynamicformbuilder.com/","","1y6g47i","Chrome","PC","Windows","China","1","0","FALSE","https://clarity.microsoft.com/player/wh31dk21nj/1y6g47i/1srvxu3/?ss=1781727233000&sd=1"
"06/18/2026","04:16 PM","00:01","https://dynamicformbuilder.com/","https://dynamicformbuilder.com/","","1g7ghy0","Chrome","PC","Windows","China","1","0","FALSE","https://clarity.microsoft.com/player/wh31dk21nj/1g7ghy0/cnmkgl/?ss=1781778678000&sd=1"
"06/18/2026","03:59 AM","00:01","https://dynamicformbuilder.com/","https://dynamicformbuilder.com/","","19batxs","Chrome","PC","Windows","China","1","0","FALSE","https://clarity.microsoft.com/player/wh31dk21nj/19batxs/e3ay4c/?ss=1781734477000&sd=1"
"06/18/2026","08:17 AM","00:01","https://dynamicformbuilder.com/","https://dynamicformbuilder.com/","","rix8f0","Chrome","PC","Windows","China","1","0","FALSE","https://clarity.microsoft.com/player/wh31dk21nj/rix8f0/gjlwbz/?ss=1781749930000&sd=1"
"06/18/2026","02:54 AM","00:01","https://dynamicformbuilder.com/","https://dynamicformbuilder.com/","","sq9gz6","Chrome","PC","Windows","China","1","0","FALSE","https://clarity.microsoft.com/player/wh31dk21nj/sq9gz6/1h72afk/?ss=1781730595000&sd=1"
"06/19/2026","06:28 AM","00:01","https://dynamicformbuilder.com/","https://dynamicformbuilder.com/","","1p5fpun","Chrome","PC","Windows","China","1","0","FALSE","https://clarity.microsoft.com/player/wh31dk21nj/1p5fpun/bmpxdd/?ss=1781829797000&sd=1"
"06/18/2026","12:45 AM","00:01","https://dynamicformbuilder.com/","https://dynamicformbuilder.com/","","1pgn7s","Chrome","PC","Windows","China","1","0","FALSE","https://clarity.microsoft.com/player/wh31dk21nj/1pgn7s/ijom8m/?ss=1781722816000&sd=1"
"06/19/2026","02:09 PM","00:01","https://dynamicformbuilder.com/","https://dynamicformbuilder.com/","","1ktbh9m","Chrome","PC","Windows","China","1","0","FALSE","https://clarity.microsoft.com/player/wh31dk21nj/1ktbh9m/nnbcpc/?ss=1781857459000&sd=1"
"06/19/2026","07:00 AM","00:01","https://dynamicformbuilder.com/","https://dynamicformbuilder.com/","","1xel1a1","Chrome","PC","Windows","China","1","0","FALSE","https://clarity.microsoft.com/player/wh31dk21nj/1xel1a1/1jgygyu/?ss=1781831752000&sd=1"
"06/18/2026","07:04 PM","00:01","https://dynamicformbuilder.com/","https://dynamicformbuilder.com/","","hr6g1c","Chrome","PC","Windows","China","1","0","FALSE","https://clarity.microsoft.com/player/wh31dk21nj/hr6g1c/15yyqsd/?ss=1781788761000&sd=1"
"06/18/2026","08:26 PM","00:01","https://dynamicformbuilder.com/","https://dynamicformbuilder.com/","","1cy80m4","Chrome","PC","Windows","China","1","0","FALSE","https://clarity.microsoft.com/player/wh31dk21nj/1cy80m4/1umfomj/?ss=1781793697000&sd=1"
"06/18/2026","09:31 AM","00:01","https://dynamicformbuilder.com/","https://dynamicformbuilder.com/","","1vgzjne","Chrome","PC","Windows","China","1","0","FALSE","https://clarity.microsoft.com/player/wh31dk21nj/1vgzjne/qoypmd/?ss=1781754387000&sd=1"
"06/19/2026","03:01 AM","00:01","https://dynamicformbuilder.com/","https://dynamicformbuilder.com/","","pfvnrd","Chrome","PC","Windows","China","1","0","FALSE","https://clarity.microsoft.com/player/wh31dk21nj/pfvnrd/121tqzp/?ss=1781817391000&sd=1"
"06/19/2026","08:41 PM","00:01","https://dynamicformbuilder.com/","https://dynamicformbuilder.com/","","1n9rw54","Chrome","PC","Windows","China","1","0","FALSE","https://clarity.microsoft.com/player/wh31dk21nj/1n9rw54/3kfqwm/?ss=1781881019000&sd=1"
"06/20/2026","03:58 AM","00:01","https://dynamicformbuilder.com/","https://dynamicformbuilder.com/","","dxvxo7","Chrome","PC","Windows","China","1","0","FALSE","https://clarity.microsoft.com/player/wh31dk21nj/dxvxo7/fvri7l/?ss=1781907239000&sd=1"
"06/19/2026","11:59 PM","00:01","https://dynamicformbuilder.com/","https://dynamicformbuilder.com/","","rsdxag","Chrome","PC","Windows","China","1","0","FALSE","https://clarity.microsoft.com/player/wh31dk21nj/rsdxag/1rlicov/?ss=1781892863000&sd=1"
"06/20/2026","09:13 AM","00:01","https://dynamicformbuilder.com/","https://dynamicformbuilder.com/","","1yhp2us","Chrome","PC","Windows","China","1","0","FALSE","https://clarity.microsoft.com/player/wh31dk21nj/1yhp2us/5my9u2/?ss=1781926123000&sd=1"
"06/18/2026","03:42 AM","00:01","https://dynamicformbuilder.com/","https://dynamicformbuilder.com/","","1c45zx8","Chrome","PC","Windows","China","1","0","FALSE","https://clarity.microsoft.com/player/wh31dk21nj/1c45zx8/14yefte/?ss=1781733443000&sd=1"
"06/19/2026","05:19 PM","00:01","https://dynamicformbuilder.com/","https://dynamicformbuilder.com/","","k00gfj","Chrome","PC","Windows","China","1","0","FALSE","https://clarity.microsoft.com/player/wh31dk21nj/k00gfj/1c0njxa/?ss=1781868858000&sd=1"
"06/20/2026","10:22 AM","00:01","https://dynamicformbuilder.com/","https://dynamicformbuilder.com/","","18iascg","Chrome","PC","Windows","China","1","0","FALSE","https://clarity.microsoft.com/player/wh31dk21nj/18iascg/kw3g4b/?ss=1781930264000&sd=1"
"06/19/2026","09:13 PM","00:01","https://dynamicformbuilder.com/","https://dynamicformbuilder.com/","","xhwgsp","Chrome","PC","Windows","China","1","0","FALSE","https://clarity.microsoft.com/player/wh31dk21nj/xhwgsp/mn82jj/?ss=1781882884000&sd=1"
"06/20/2026","04:53 AM","00:01","https://dynamicformbuilder.com/","https://dynamicformbuilder.com/","","1i8nyen","Chrome","PC","Windows","China","1","0","FALSE","https://clarity.microsoft.com/player/wh31dk21nj/1i8nyen/z6vfdg/?ss=1781910494000&sd=1"
"06/18/2026","10:53 PM","00:01","https://dynamicformbuilder.com/","https://dynamicformbuilder.com/","","1x60yro","Chrome","PC","Windows","China","1","0","FALSE","https://clarity.microsoft.com/player/wh31dk21nj/1x60yro/15tsegy/?ss=1781802484000&sd=1"
"06/18/2026","04:42 AM","00:01","https://dynamicformbuilder.com/","https://dynamicformbuilder.com/","","1iobfi","Chrome","PC","Windows","China","1","0","FALSE","https://clarity.microsoft.com/player/wh31dk21nj/1iobfi/1fbqeb6/?ss=1781737062000&sd=1"
"06/20/2026","02:40 AM","00:01","https://dynamicformbuilder.com/","https://dynamicformbuilder.com/","","1ssjv9z","Chrome","PC","Windows","China","1","0","FALSE","https://clarity.microsoft.com/player/wh31dk21nj/1ssjv9z/1m9lruz/?ss=1781902510000&sd=1"
"06/18/2026","07:43 PM","00:01","https://dynamicformbuilder.com/","https://dynamicformbuilder.com/","","1m0sunj","Chrome","PC","Windows","China","1","0","FALSE","https://clarity.microsoft.com/player/wh31dk21nj/1m0sunj/hdrwe5/?ss=1781791106000&sd=1"
"06/20/2026","01:34 PM","00:01","https://dynamicformbuilder.com/","https://dynamicformbuilder.com/","","5zjm9p","Chrome","PC","Windows","China","1","0","FALSE","https://clarity.microsoft.com/player/wh31dk21nj/5zjm9p/bil993/?ss=1781941776000&sd=1"
